num_rooms,num_people,housearea,ac,tv,is_flat,ave_monthly_income,num_children,is_urban,amount_paid,AC_hours,TV_hours
2,3,541.84,1,1,0,1220.02,2,1,748.3442502,16.411058118421057,246.1658717763158
3,5,1084.52,2,1,0,1587.7,1,0,456.2568712,5.002816570175439,150.08449710526315
1,5,584.85,0,0,0,2108.61,0,1,440.8124498,0.0,0.0
2,5,716.73,1,1,1,2314.23,1,0,359.9484974,7.893607399122808,118.40411098684211
1,6,889.06,0,0,1,3012.21,1,0,308.8392937,0.0,0.0
2,7,1047.0,1,0,1,3359.25,0,1,563.1202692,12.349128710526319,0.0
2,4,976.34,1,1,0,3507.86,1,1,477.7614788,10.477225412280703,157.15838118421053
1,6,850.87,0,0,0,3776.08,0,1,652.293855,0.0,0.0
2,8,626.27,1,0,0,4577.68,3,0,533.2605305,11.694309879385965,0.0
1,2,680.57,0,1,1,4884.15,0,1,617.8314193,0.0,203.23401950657893
1,4,688.61,0,0,0,4994.76,0,1,763.9650128,0.0,0.0
3,3,1118.29,2,2,0,5037.37,1,1,606.0078796,6.644823241228071,99.67234861842105
0,6,949.59,0,0,0,5200.62,3,0,509.1269886,0.0,0.0
3,4,873.78,2,1,1,5565.5,0,0,299.9922367,3.289388560307018,98.68165680921052
1,5,781.8,0,0,0,5681.86,0,0,329.7516594,0.0,0.0
2,5,904.92,1,1,0,5801.91,0,1,710.6763872,15.585008491228072,233.77512736842107
2,6,643.52,1,1,0,5829.41,1,1,534.364255,11.718514364035089,175.7777154605263
0,10,1019.64,0,0,0,6031.98,2,1,819.6897325,0.0,0.0
1,3,991.18,0,0,0,6049.17,0,0,458.243049,0.0,0.0
3,4,854.5,2,1,1,6123.12,2,1,694.5358411,7.615524573464913,228.46573720394736
2,4,841.29,1,1,0,6165.27,2,0,546.7350103,11.989802857456143,179.8470428618421
2,4,832.37,1,1,1,6343.89,2,0,529.5110533,11.612084502192983,174.1812675328947
1,4,794.74,0,0,0,6364.43,1,1,622.8890891,0.0,0.0
2,4,936.44,1,1,0,6757.32,3,1,1002.382506,21.982072500000005,329.7310875
4,5,868.58,3,1,0,6788.84,2,0,385.8379213,2.8204526410818715,126.9203688486842
2,4,761.86,1,1,1,7353.41,0,0,364.9502191,8.003294278508774,120.04941417763159
0,1,557.07,0,0,1,7525.82,1,1,800.1079434,0.0,0.0
3,7,669.21,2,1,0,7597.14,2,1,720.9411431,7.9050563936403515,237.15169180921052
4,4,869.29,3,2,0,7682.1,1,1,534.148012,3.9045907309941525,87.85329144736842
2,8,761.85,1,0,1,7716.81,3,1,800.3552675,17.551650603070176,0.0
2,6,1034.24,1,1,1,7775.47,1,1,823.7567113,18.064840160087723,270.9726024013158
1,4,860.28,0,0,0,7792.07,0,1,529.6833919,0.0,0.0
4,6,691.92,3,1,1,7902.71,1,1,745.783748,5.451635584795322,245.32360131578946
2,4,828.85,1,1,0,8102.23,2,0,382.6288977,8.390984598684211,125.86476898026315
1,1,765.32,0,1,1,8315.34,0,1,535.7010785,0.0,176.21746003289473
3,1,1077.31,2,5,1,8382.92,1,1,649.7085257,7.123996992324562,42.74398195394737
1,2,694.55,0,1,1,8498.6,1,1,749.7065498,0.0,246.61399664473683
1,2,854.04,0,1,1,8560.56,0,0,387.2025774,0.0,127.36926888157895
1,5,889.54,0,0,1,8708.73,2,0,388.581916,0.0,0.0
3,3,723.66,2,2,0,8771.54,2,1,858.9900897,9.418750983552632,141.28126475328946
2,7,915.66,1,0,0,8824.44,0,1,436.7547868,9.577955850877194,0.0
2,6,881.87,1,1,0,8927.86,0,1,720.1093318,15.79187131140351,236.8780696710526
2,6,783.75,1,1,1,8970.35,0,1,768.0457556,16.8431086754386,252.64663013157895
0,7,602.31,0,0,1,9072.79,1,0,418.4443299,0.0,0.0
2,4,835.05,1,1,1,9078.1,0,1,794.614,17.42574561403509,261.3861842105263
3,5,980.25,2,1,1,9111.69,2,0,442.2453194,4.849181133771931,145.4754340131579
2,7,974.28,1,0,1,9282.02,0,1,630.8952742,13.835422679824564,0.0
3,2,752.36,2,3,1,9371.77,3,0,609.0749818,6.678453747807019,66.78453747807018
3,5,820.39,2,1,1,9501.99,2,1,787.2543942,8.632175375000001,258.96526124999997
1,6,984.05,0,0,1,9627.81,1,0,565.4874221,0.0,0.0
3,3,742.57,2,2,1,9675.93,2,0,560.4814469,6.1456299002193,92.18444850328947
0,10,659.02,0,0,0,9712.83,0,1,408.7602831,0.0,0.0
2,6,388.17,1,1,1,9736.98,1,1,690.6665444,15.14619614912281,227.1929422368421
2,6,968.84,1,1,1,9788.09,1,1,768.370068,16.850220789473685,252.75331184210523
3,7,832.49,2,1,0,10054.41,1,0,366.9861294,4.023970717105263,120.71912151315789
1,8,909.63,0,0,1,10084.09,1,1,853.4426696,0.0,0.0
3,5,831.08,2,1,0,10099.02,1,0,428.551325,4.699027686403509,140.97083059210527
2,4,660.94,1,1,0,10145.17,0,1,568.6605495,12.470626085526318,187.05939128289472
1,3,1072.0,0,0,1,10174.71,0,1,810.7030552,0.0,0.0
2,4,690.85,1,1,1,10227.04,0,1,813.9892299,17.85064100657895,267.7596150986842
1,4,870.57,0,0,0,10237.39,1,1,516.0465127,0.0,0.0
2,5,802.11,1,1,0,10244.49,2,1,712.4547407,15.62400747149123,234.36011207236842
4,4,729.31,3,2,1,10395.27,0,0,305.9995691,2.2368389554093566,50.32887649671052
2,3,457.71,1,1,0,10398.38,2,0,456.7958156,10.01745209649123,150.26178144736843
2,8,969.13,1,0,0,10539.88,1,0,439.6013586,9.640380671052633,0.0
3,5,819.68,2,1,0,10547.98,0,1,586.1330574,6.426897559210527,192.80692677631578
2,4,1106.99,1,1,0,10691.95,1,1,587.9219078,12.89302429385965,193.39536440789473
2,6,828.63,1,1,1,10699.02,2,1,836.41467,18.342426973684212,275.1364046052632
2,8,652.2,1,0,0,10756.64,3,0,530.3150711,11.629716471491228,0.0
1,5,670.5,0,0,1,10763.43,2,0,528.6530379,0.0,0.0
2,9,937.63,1,0,1,10770.83,2,1,836.0758367,18.33499641885965,0.0
0,5,806.5,0,0,0,10799.59,0,0,450.2527975,0.0,0.0
1,6,896.52,0,0,1,10853.42,0,1,768.9255618,0.0,0.0
0,2,764.65,0,0,0,11027.89,1,1,839.1338896,0.0,0.0
4,4,801.12,3,2,0,11182.68,2,1,606.3941555,4.432705815058481,99.73588083881579
1,6,896.96,0,0,1,11184.97,1,1,708.0589312,0.0,0.0
1,6,902.07,0,0,0,11306.32,1,0,583.5433244,0.0,0.0
1,5,898.03,0,0,0,11325.19,3,1,1030.525958,0.0,0.0
4,6,835.63,3,1,0,11469.2,2,1,718.2225636,5.250164938596492,236.25742223684207
1,2,924.05,0,1,1,11499.93,1,0,540.0761456,0.0,177.65662684210525
3,6,753.75,2,1,1,11728.32,4,1,1102.994109,12.094233651315792,362.8270095394737
1,1,515.34,0,1,1,11753.98,0,1,460.1106084,0.0,151.35217381578946
2,3,808.05,1,1,1,11855.19,0,1,503.4281079,11.040090085526316,165.60135128289474
1,7,998.02,0,0,0,11903.62,2,1,814.3627199,0.0,0.0
3,6,770.58,2,1,0,11919.18,1,1,618.7553799,6.78459846381579,203.53795391447366
1,5,574.3,1,0,0,11962.93,0,1,429.2638457,9.413680826754387,0.0
2,6,809.14,1,1,0,11989.09,1,1,574.6268913,12.601466914473686,189.02200371710526
1,4,1025.35,0,0,1,12059.17,1,0,675.4361882,0.0,0.0
2,5,686.0,1,1,0,12090.35,2,1,762.7457624,16.726880754385967,250.90321131578946
3,8,631.54,2,1,1,12107.02,1,1,756.0872302,8.290430155701756,248.71290467105263
0,5,861.32,0,0,0,12139.08,0,0,332.9920353,0.0,0.0
3,4,699.8,2,1,1,12241.93,0,1,493.2565674,5.408514993421053,162.25544980263157
2,4,768.52,1,1,0,12245.13,0,1,594.5649672,13.038705421052633,195.58058131578946
4,4,845.12,3,2,0,12264.5,1,1,564.655552,4.127599064327486,92.87097894736841
3,0,772.57,2,1,1,12317.68,0,1,816.3237989,8.95091884758772,268.5275654276316
4,5,762.6,3,1,1,12326.43,0,0,337.6202412,2.467984219298246,111.05928986842106
3,7,643.43,2,1,0,12380.29,0,1,749.1865098,8.214764361842105,246.44293085526314
2,4,1069.32,1,1,0,12435.65,1,1,686.7638017,15.060609686403511,225.90914529605266
2,6,488.35,1,1,1,12436.41,1,1,580.2561579,12.724915743421054,190.87373615131577
1,6,900.96,0,0,0,12476.47,1,1,653.6549818,0.0,0.0
2,4,989.18,1,1,1,12491.63,0,1,605.2095038,13.272138241228072,199.08207361842105
2,8,567.36,1,0,1,12522.58,1,1,896.6508247,19.663395278508776,0.0
2,2,924.05,1,2,0,12541.77,0,1,669.4731768,14.681429315789476,110.11071986842106
2,5,879.25,1,1,1,12596.85,0,0,272.7913879,5.982267278508773,89.73400917763158
3,0,991.31,2,1,0,12687.26,1,1,655.8701112,7.1915582368421065,215.74674710526315
2,8,748.83,1,0,0,12819.36,2,0,329.4553246,7.224897469298246,0.0
1,5,1023.66,0,0,0,12826.64,1,1,721.5493629,0.0,0.0
2,5,701.43,1,1,1,12857.82,0,0,366.9756201,8.047710967105264,120.71566450657895
1,5,587.1,0,0,1,12899.98,1,1,531.2852754,0.0,0.0
2,4,758.89,1,1,0,12919.84,1,0,576.2154416,12.63630354385965,189.5445531578947
3,6,848.71,2,1,0,12959.34,0,1,434.7184162,4.766649300438597,142.9994790131579
1,6,866.08,0,0,0,12959.37,1,1,781.5239133,0.0,0.0
1,9,873.78,0,0,0,12998.57,0,0,262.134934,0.0,0.0
2,4,990.59,1,1,1,13084.35,0,1,622.3819174,13.648726258771932,204.73089388157896
2,5,945.22,1,1,1,13217.15,2,1,815.1687753,17.87650823026316,268.14762345394735
2,10,858.17,1,0,0,13232.88,1,0,438.8596761,9.62411570394737,0.0
2,5,753.92,1,1,1,13236.41,1,1,687.4220662,15.07504531140351,226.12567967105264
2,6,669.82,1,1,1,13241.11,1,1,827.0572264,18.137219877192983,272.05829815789474
3,1,714.14,2,5,0,13262.51,0,1,616.8931693,6.764179487938597,40.585076927631576
3,3,1027.08,2,2,0,13333.28,1,0,218.0463638,2.390859252192983,35.862888782894736
1,3,956.4,0,0,0,13342.48,2,0,506.0592641,0.0,0.0
2,7,751.99,1,0,1,13348.51,1,0,356.8761726,7.826231855263159,0.0
0,8,696.99,0,0,1,13396.89,0,0,322.3817726,0.0,0.0
5,3,750.58,4,3,0,13397.44,0,1,439.5910043,2.410038400767544,48.200768015350874
2,7,666.42,1,0,1,13412.74,0,0,332.5594177,7.292969686403509,0.0
2,4,780.69,1,1,0,13472.99,2,1,921.675717,20.21218677631579,303.1828016447368
2,5,961.45,1,1,0,13474.32,0,0,427.6573919,9.378451576754387,140.67677365131578
4,6,681.32,3,1,0,13481.07,1,1,875.3330171,6.398633165935673,287.9384924671053
2,8,1018.86,1,0,1,13611.22,2,1,961.6759939,21.089385831140355,0.0
3,1,642.96,2,5,1,13626.5,0,1,660.1753471,7.238764770833334,43.432588625
2,3,1004.21,1,1,0,13647.46,0,0,166.9937444,3.66214351754386,54.932152763157895
0,3,906.35,0,0,0,13662.8,2,0,451.4238351,0.0,0.0
3,5,1166.71,2,1,1,13738.55,1,1,926.7304853,10.161518479166668,304.845554375
1,6,523.18,0,0,1,13750.91,0,1,474.0016832,0.0,0.0
2,4,599.81,1,1,0,13762.18,1,0,264.2898436,5.795829903508772,86.93744855263158
0,3,698.83,0,0,0,13817.63,0,0,97.54415048,0.0,0.0
3,8,998.26,2,1,0,13845.18,1,1,717.6134248,7.868568254385965,236.05704763157894
3,4,872.51,2,1,1,13887.45,0,1,495.8442857,5.43688909758772,163.10667292763156
2,2,796.83,1,2,1,13898.86,0,1,596.4693406,13.080467995614036,98.10350996710527
0,4,857.96,0,0,0,13955.21,0,0,300.1616797,0.0,0.0
1,5,846.64,0,0,1,13971.01,2,1,962.4759404,0.0,0.0
1,5,869.58,0,0,1,13976.87,0,1,545.19653,0.0,0.0
3,3,767.03,2,2,1,13983.43,0,1,670.8911292,7.356262381578949,110.34393572368421
3,6,882.81,2,1,0,13983.82,1,1,559.1317316,6.130830390350877,183.92491171052632
1,3,966.98,0,0,0,13996.33,0,0,515.2099622,0.0,0.0
3,6,771.15,2,1,0,13999.58,2,0,362.149647,3.970939111842106,119.12817335526316
1,6,537.8,0,0,1,14009.7,4,1,1083.726891,0.0,0.0
3,3,835.89,2,2,1,14067.73,2,0,668.5183784,7.330245377192983,109.95368065789472
2,6,671.88,1,1,1,14134.17,1,1,563.5413893,12.358363800438598,185.37545700657896
2,5,678.51,1,1,1,14150.45,1,0,395.4033332,8.671125728070177,130.06688592105263
0,5,780.22,0,0,1,14164.11,2,1,818.3629448,0.0,0.0
2,3,700.37,1,1,1,14199.3,3,1,836.6893793,18.3484513004386,275.22676950657893
1,4,673.08,0,0,1,14214.36,2,0,658.0727505,0.0,0.0
3,7,696.91,2,1,1,14380.37,1,0,393.295424,4.312449824561404,129.3734947368421
0,6,979.89,0,0,0,14522.36,3,1,914.6161758,0.0,0.0
2,4,902.76,1,1,0,14608.19,1,1,589.4088653,12.925633010964914,193.8844951644737
1,4,862.83,0,0,1,14622.24,2,1,654.9969378,0.0,0.0
2,2,872.1,1,2,1,14693.76,2,1,695.5033362,15.252266144736845,114.39199608552632
2,5,975.06,1,1,1,14725.77,0,0,411.2190052,9.017960640350879,135.26940960526318
3,6,679.75,2,1,0,14771.53,3,1,887.116791,9.727157796052634,291.81473388157895
2,2,745.55,1,2,1,14794.44,0,1,408.8352928,8.965686245614036,67.24264684210526
1,2,768.1,0,1,0,14810.27,2,1,658.1067631,0.0,216.4824878618421
2,5,367.73,1,1,0,14814.95,0,0,87.8518497,1.9265756513157897,28.89863476973684
3,6,682.75,2,1,1,14898.26,1,1,601.4020142,6.594320331140352,197.82960993421054
2,2,690.69,1,2,1,14905.48,0,1,664.9073389,14.58130129166667,109.3597596875
3,5,674.38,2,1,0,14925.92,0,1,491.2202209,5.3861866326754395,161.58559898026317
1,4,733.55,0,0,1,14935.76,2,1,746.0997602,0.0,0.0
1,4,821.37,0,0,1,14991.02,0,1,463.5323308,0.0,0.0
2,3,734.66,1,1,0,15053.63,1,1,517.9757247,11.359116769736843,170.38675154605264
1,5,900.45,0,0,0,15115.43,1,1,701.7641089,0.0,0.0
2,5,924.54,1,1,0,15145.56,2,0,458.8166016,10.06176757894737,150.92651368421053
1,8,1055.17,0,0,0,15189.3,1,0,540.8191009,0.0,0.0
3,5,942.5,2,1,1,15292.0,0,0,400.7263335,4.393929095394737,131.81787286184212
3,6,1112.99,2,1,1,15430.48,0,0,446.559878,4.896489890350878,146.89469671052632
1,5,950.5,0,0,1,15450.66,0,0,414.7156609,0.0,0.0
2,4,724.91,1,1,1,15450.67,0,1,532.1316101,11.669552853070178,175.04329279605264
1,5,668.13,0,0,0,15481.44,1,1,658.3791723,0.0,0.0
1,6,865.22,0,0,1,15528.65,0,0,584.4865908,0.0,0.0
1,1,814.75,0,1,1,15535.05,0,1,653.4233136,0.0,214.94187947368422
1,0,878.69,0,0,1,15569.46,2,1,821.6441918,0.0,0.0
3,10,496.23,2,1,0,15633.05,1,0,455.0492404,4.989575004385966,149.68725013157893
3,3,786.47,2,2,0,15641.6,1,1,475.0078264,5.208419149122808,78.1262872368421
1,3,988.94,0,0,1,15642.66,1,1,586.9327672,0.0,0.0
2,4,949.02,1,1,1,15645.13,2,1,908.4111717,19.921297625,298.819464375
2,8,813.67,1,0,1,15648.87,2,0,621.6985441,13.633740002192985,0.0
2,6,742.69,1,1,0,15670.76,0,0,222.7345416,4.884529421052632,73.26794131578947
2,6,753.22,1,1,0,15696.01,0,1,600.6084664,13.171238298245616,197.5685744736842
2,6,898.26,1,1,1,15825.46,0,0,524.5383396,11.503033763157896,172.5455064473684
1,7,788.73,0,0,1,15850.7,0,1,676.9253264,0.0,0.0
3,3,769.77,2,2,0,15884.25,2,0,536.8192042,5.886175484649123,88.29263226973683
3,8,946.75,2,1,0,15911.63,1,1,729.5291273,7.999222887061404,239.9766866118421
1,7,892.85,0,0,1,15912.6,1,0,373.8729471,0.0,0.0
3,6,776.99,2,1,0,15962.89,1,0,517.2493253,5.671593479166668,170.147804375
3,1,773.71,2,5,1,16025.37,0,1,405.2861068,4.4439266096491234,26.66355965789474
2,2,924.17,1,2,0,16058.13,0,0,279.7438394,6.13473332017544,46.01049990131579
1,4,748.04,0,0,1,16081.34,0,0,382.0630621,0.0,0.0
3,5,929.46,2,1,1,16106.32,1,1,592.0867337,6.492179097587719,194.76537292763157
2,3,752.63,1,1,1,16120.11,2,0,523.8907991,11.488833313596492,172.33249970394735
2,7,938.86,1,0,0,16126.88,2,1,952.3731744,20.88537663157895,0.0
3,5,634.83,2,1,1,16128.76,3,0,773.7381173,8.483970584429825,254.51911753289474
3,3,677.62,2,2,0,16189.31,2,0,702.7783759,7.705903244517545,115.58854866776316
2,7,606.43,1,0,0,16225.94,2,1,850.4622698,18.65048837280702,0.0
3,7,981.26,2,1,1,16231.0,3,1,783.5255785,8.591289237938598,257.7386771381579
3,3,1007.11,2,2,0,16240.07,1,1,779.3499658,8.545504010964914,128.18256016447367
2,6,828.78,1,1,0,16265.12,1,1,613.4348304,13.452518210526318,201.78777315789475
2,3,564.17,1,1,1,16354.79,0,1,610.0848676,13.37905411403509,200.68581171052634
2,5,547.37,1,1,1,16397.97,1,0,652.8610003,14.317127199561405,214.75690799342104
3,1,851.93,2,5,0,16419.26,1,1,567.0406852,6.217551372807018,37.30530823684211
3,6,1057.52,2,1,0,16420.09,1,0,525.7221986,5.764497791666667,172.93493374999997
2,2,830.26,1,2,0,16432.02,1,1,611.4857718,13.409775697368422,100.57331773026314
2,5,674.53,1,1,0,16451.23,0,0,163.3647714,3.58256077631579,53.73841164473684
2,2,1075.89,1,2,1,16451.71,0,0,357.7844607,7.846150453947369,58.84612840460527
1,6,1119.47,0,0,1,16472.94,1,1,719.1523913,0.0,0.0
2,7,746.7,1,0,0,16581.48,0,0,300.4335454,6.588454942982457,0.0
2,4,766.01,1,1,1,16610.41,0,1,729.8771486,16.00607782017544,240.0911673026316
3,7,699.63,2,1,0,16616.36,2,1,894.7379361,9.810722983552632,294.32168950657893
1,5,667.43,0,0,0,16639.28,1,1,651.8485741,0.0,0.0
1,3,821.69,0,0,0,16745.65,1,1,737.1308417,0.0,0.0
2,7,816.77,1,0,1,16817.74,1,1,703.4094805,15.425646502192984,0.0
2,6,748.92,1,1,1,16826.39,1,1,624.7858461,13.701443993421053,205.5216599013158
3,6,681.24,2,1,1,16854.39,1,0,387.5938265,4.249932308114035,127.49796924342104
3,7,893.27,2,1,0,16860.46,1,1,692.4273097,7.592404711622808,227.77214134868422
2,2,670.35,1,2,1,16868.7,2,1,669.0412069,14.67195629166667,110.0396721875
2,5,842.97,1,1,0,16908.09,3,1,806.4929143,17.68624812061404,265.2937218092105
3,4,1044.65,2,1,1,16912.69,2,1,585.4051997,6.418916663377194,192.56749990131578
2,8,834.85,1,0,1,16956.43,0,0,302.893914,6.642410394736843,0.0
3,3,918.63,2,2,1,16998.43,3,0,516.1371736,5.659398833333334,84.89098249999999
2,4,1147.92,1,1,0,17006.08,1,1,592.7914215,12.999811875,194.99717812499998
0,7,937.42,0,0,1,17018.37,0,1,706.5868973,0.0,0.0
1,6,889.07,0,0,0,17023.78,0,0,307.2322844,0.0,0.0
1,5,785.52,0,0,1,17110.12,0,1,620.1852373,0.0,0.0
4,8,765.55,3,1,1,17127.48,0,1,664.0208157,4.853953331140351,218.42789990131578
4,0,1058.32,3,1,0,17182.76,4,0,598.9381838,4.378203097953217,197.01913940789476
3,6,786.93,2,1,1,17196.35,0,1,568.6786069,6.235511040570176,187.06533121710527
1,8,731.61,0,0,0,17230.1,2,1,658.285625,0.0,0.0
3,2,750.75,2,3,1,17242.08,1,1,592.2714082,6.494204037280703,64.94204037280701
2,4,759.56,1,1,1,17279.51,1,1,668.4312013,14.658578975877194,219.8786846381579
1,3,938.51,0,0,0,17284.03,2,0,495.1024651,0.0,0.0
3,2,890.69,2,3,1,17349.88,4,1,994.6565775,10.906322121710527,109.06322121710525
2,6,700.32,1,1,0,17418.74,2,1,806.5937005,17.688458344298247,265.3268751644737
1,6,701.75,0,0,0,17440.23,0,0,289.2376328,0.0,0.0
0,5,868.52,0,0,1,17440.95,0,0,228.9513502,0.0,0.0
4,4,813.22,3,2,1,17441.35,0,1,535.8048141,3.916701857456141,88.12579179276317
0,6,737.19,0,0,1,17451.85,3,1,862.0775316,0.0,0.0
2,2,767.74,1,2,0,17477.31,3,0,716.031236,15.702439385964915,117.76829539473685
0,5,697.17,0,0,1,17804.39,2,1,817.5148774,0.0,0.0
3,4,743.58,2,1,1,17822.06,0,1,503.9412205,5.525671277412282,165.7701383223684
2,7,1025.06,1,0,1,17823.67,1,0,609.1034722,13.357532285087721,0.0
2,2,760.93,1,2,0,17974.11,1,1,583.4380802,12.79469474122807,95.96021055921052
1,6,764.09,0,0,1,18017.78,2,0,605.2541021,0.0,0.0
2,9,856.5,1,0,0,18043.09,1,1,539.6381853,11.83417073026316,0.0
2,7,957.28,1,0,0,18063.68,0,0,356.9823471,7.828560243421054,0.0
2,4,1000.26,1,1,1,18076.23,0,0,424.9164636,9.318343500000001,139.7751525
1,8,848.04,0,0,1,18347.8,1,1,696.6311855,0.0,0.0
3,6,709.33,2,1,0,18368.07,0,0,357.9913013,3.925343216008772,117.76029648026315
2,4,865.04,1,1,1,18391.27,0,1,687.2943681,15.072244914473687,226.08367371710528
1,2,845.99,0,1,0,18394.7,0,1,571.0398786,0.0,187.84206532894734
3,6,832.32,2,1,1,18419.07,0,0,475.0273456,5.208633175438597,156.25899526315789
3,5,711.94,2,1,0,18470.96,1,1,716.9022033,7.860769773026317,235.82309319078948
1,5,602.68,0,0,1,18477.49,1,0,364.9896195,0.0,0.0
2,6,700.94,1,1,0,18591.7,0,1,679.1481048,14.893598789473687,223.40398184210528
2,6,809.69,1,1,0,18617.69,1,0,311.4161298,6.829301092105265,102.43951638157895
3,7,725.84,2,1,1,18666.0,2,0,497.5142581,5.455200198464913,163.65600595394736
3,3,750.39,2,2,0,18681.58,3,0,564.8511814,6.193543655701755,92.90315483552631
4,5,757.58,3,1,0,18735.41,3,1,715.2620444,5.22852371637427,235.28356723684212
4,6,829.15,3,1,0,18777.36,2,1,833.1895497,6.090566883771931,274.07550976973687
3,6,844.47,2,1,0,18796.71,0,1,450.4369418,4.939001554824562,148.17004664473683
2,7,697.37,1,0,1,18812.34,1,1,634.8459632,13.92206059649123,0.0
3,7,579.13,2,1,1,18816.96,2,0,587.9931666,6.4472934934210535,193.41880480263157
1,6,895.91,0,0,0,18822.41,1,0,222.2247631,0.0,0.0
1,5,993.6,0,0,0,18839.05,0,1,491.2677888,0.0,0.0
3,5,486.17,2,1,0,18879.68,0,0,198.5154603,2.176704608552632,65.30113825657895
3,8,640.76,2,1,0,18882.26,0,1,748.3323293,8.20539834758772,246.16195042763155
1,5,595.7,0,0,0,18885.43,1,1,705.26141,0.0,0.0
2,5,974.83,1,1,0,18894.52,2,1,976.3125412,21.410362745614037,321.15544118421053
4,7,709.59,3,1,1,18900.25,1,0,350.8113244,2.5644102660818717,115.3984619736842
3,4,854.33,2,1,0,18918.92,3,1,787.4450969,8.634266413377194,259.02799240131577
1,2,1004.55,0,1,1,18973.76,1,0,361.3138823,0.0,118.85325075657894
2,4,717.42,1,1,0,18993.48,2,1,595.2475269,13.053673835526318,195.80510753289474
3,5,775.72,2,1,0,18999.34,3,1,751.7374997,8.242735742324562,247.28207226973683
2,0,797.67,1,2,1,19047.93,2,0,738.1287339,16.1870336381579,121.40275228618421
0,7,478.33,0,0,1,19062.14,0,1,502.3623706,0.0,0.0
3,6,958.96,2,1,0,19078.68,2,1,641.4128171,7.033035275219299,210.99105825657895
2,3,626.42,1,1,1,19085.43,0,1,717.4590393,15.733750861842106,236.00626292763155
1,4,663.37,0,0,0,19092.23,1,0,393.5284601,0.0,0.0
3,6,665.16,2,1,0,19141.79,1,1,738.4249718,8.096765041666668,242.90295125
2,2,1000.18,1,2,1,19160.32,2,1,831.5319977,18.235350826754388,136.7651312006579
1,5,812.24,0,0,1,19179.15,0,1,795.716107,0.0,0.0
2,5,711.94,1,1,1,19210.78,1,0,418.5082516,9.177812535087721,137.66718802631578
3,4,916.19,2,1,0,19258.73,2,1,971.6818099,10.654405810307018,319.6321743092105
2,5,557.23,1,1,0,19273.03,0,0,197.0671145,4.321647247807018,64.82470871710527
2,9,759.64,1,0,1,19296.1,1,0,635.9161227,13.945529006578948,0.0
3,6,730.36,2,1,1,19302.3,1,1,744.2576233,8.160719553728072,244.8215866118421
3,5,646.24,2,1,1,19332.0,3,0,849.4272911,9.313895735745616,279.41687207236845
0,7,775.05,0,0,1,19339.03,1,0,594.2070431,0.0,0.0
2,4,1177.7,1,1,1,19366.43,3,1,984.2688434,21.584843057017547,323.7726458552632
2,2,672.37,1,2,1,19403.1,1,1,803.3617544,17.617582333333335,132.1318675
0,6,918.08,0,0,0,19449.26,0,0,225.8297233,0.0,0.0
3,7,771.06,2,1,1,19482.65,0,0,475.4273047,5.213018691885965,156.39056075657894
3,5,912.62,2,1,0,19487.56,2,1,948.1244137,10.396101027412282,311.8830308223684
2,7,842.86,1,0,1,19564.25,1,1,602.1022346,13.203996372807019,0.0
2,4,717.39,1,1,1,19565.61,1,0,473.206906,10.377344429824563,155.66016644736843
2,7,687.45,1,0,1,19574.41,0,1,558.7522908,12.253339710526317,0.0
2,5,583.22,1,1,0,19597.04,1,0,609.8191917,13.373227888157897,200.59841832236842
2,4,755.57,1,1,1,19598.82,1,1,679.2632007,14.896122822368422,223.4418423355263
2,9,835.64,1,0,0,19603.28,0,1,488.1886059,10.70589048026316,0.0
2,5,843.85,1,1,0,19607.07,0,0,306.9960988,6.732370587719299,100.98555881578947
0,4,1116.41,0,0,1,19658.51,3,0,585.5771094,0.0,0.0
3,7,710.0,2,1,1,19662.06,0,0,547.8579188,6.007214021929825,180.21642065789473
0,5,755.03,0,0,0,19693.19,1,0,261.9466408,0.0,0.0
4,5,695.95,3,1,1,19703.61,2,1,961.7419174,7.030277173976609,316.3624728289474
3,3,901.47,2,2,1,19740.48,1,1,720.7078792,7.902498675438597,118.53748013157895
1,1,808.88,0,1,0,19741.17,2,1,813.7427877,0.0,267.6785485855263
2,7,770.67,1,0,0,19771.94,3,1,727.699264,15.958317192982458,0.0
1,6,950.08,0,0,1,19782.36,2,0,531.746352,0.0,0.0
3,8,711.82,2,1,1,19788.33,1,1,678.4015618,7.4386136162280705,223.1584084868421
2,4,829.78,1,1,1,19835.2,2,1,1010.938058,22.169694254385966,332.54541381578946
3,0,618.91,2,1,0,19943.2,0,1,709.0744227,7.774938845394738,233.2481653618421
2,1,594.97,1,3,0,19945.75,1,1,432.0564968,9.474923175438597,47.37461587719297
3,7,916.95,2,1,1,19975.74,2,1,782.7341353,8.58261113267544,257.4783339802632
2,5,569.94,1,1,1,19983.43,1,1,562.9551679,12.345508067982458,185.18262101973684
2,3,1063.48,1,1,0,20030.28,1,1,658.96488,14.450984210526318,216.76476315789472
2,2,516.37,1,2,0,20040.11,2,0,530.8667089,11.641813791666669,87.3136034375
4,4,1041.18,3,2,0,20060.1,0,1,461.538505,3.373819480994152,75.91093832236842
1,5,874.65,0,0,1,20070.34,1,1,823.5053303,0.0,0.0
4,1,862.33,3,7,0,20098.58,1,0,272.8650264,1.9946273859649124,12.82260462406015
1,5,903.23,0,0,0,20150.28,1,1,765.7981799,0.0,0.0
2,1,597.39,1,3,0,20184.42,1,1,769.0576612,16.8652995877193,84.32649793859648
1,4,704.72,0,0,0,20191.55,1,1,500.8210966,0.0,0.0
1,3,519.84,0,0,1,20211.03,0,0,313.3258246,0.0,0.0
1,5,612.54,0,0,1,20217.23,2,0,442.1168544,0.0,0.0
3,6,704.81,2,1,0,20227.31,0,0,189.435056,2.0771387719298247,62.31416315789474
3,7,532.29,2,1,1,20281.78,0,0,339.4661728,3.7222168070175443,111.66650421052631
2,6,665.98,1,1,0,20282.97,0,1,452.3685386,9.920362688596493,148.80544032894738
1,4,605.37,0,0,0,20308.74,1,0,343.1304848,0.0,0.0
0,8,811.26,0,0,0,20312.57,1,1,741.8148937,0.0,0.0
4,4,516.43,3,2,0,20372.66,1,0,467.3926921,3.4166132463450296,76.87379804276316
2,6,643.98,1,1,1,20385.97,0,1,457.5240621,10.033422414473685,150.50133621710526
1,4,640.25,0,0,0,20463.3,0,1,552.347876,0.0,0.0
2,2,700.66,1,2,0,20510.12,0,1,553.7077885,12.142714660087721,91.07035995065789
3,4,773.05,2,1,0,20515.14,0,1,451.3722352,4.949256964912281,148.4777089473684
2,4,777.33,1,1,0,20522.84,1,1,704.3168173,15.44554423903509,231.68316358552633
0,5,591.87,0,0,1,20541.51,1,1,599.3302284,0.0,0.0
2,8,592.68,1,0,1,20542.24,1,1,780.4230187,17.11453988377193,0.0
3,8,867.52,2,1,1,20593.2,0,0,583.7230559,6.400472104166667,192.01416312499998
3,5,1064.88,2,1,1,20596.74,0,1,767.093111,8.411108673245616,252.33326019736842
3,7,824.91,2,1,0,20618.16,3,1,931.0142392,10.208489464912283,306.25468394736845
1,2,977.21,0,1,1,20664.1,0,1,666.6387167,0.0,219.28905154605263
3,5,777.46,2,1,0,20678.7,1,0,452.2171764,4.958521671052632,148.75565013157896
2,3,731.11,1,1,1,20693.18,0,0,245.2243408,5.377726771929825,80.66590157894737
4,5,545.39,3,1,0,20700.19,0,0,353.2666057,2.58235822880117,116.20612029605263
2,6,733.45,1,1,1,20701.74,1,1,714.1986266,15.662250583333336,234.93375875
1,3,443.63,0,0,1,20706.53,1,1,715.6422847,0.0,0.0
2,3,1102.5,1,1,1,20783.2,1,0,409.1240787,8.972019269736842,134.58028904605263
1,5,585.55,0,0,1,20797.91,3,0,565.2021559,0.0,0.0
2,6,881.52,1,1,1,20805.04,1,1,621.9581262,13.639432592105265,204.59148888157895
0,4,963.1,0,0,0,20828.59,3,1,986.6975166,0.0,0.0
2,4,840.06,1,1,1,20857.83,2,1,779.8590201,17.102171493421054,256.53257240131575
2,1,834.1,1,3,0,20873.18,0,1,428.8262919,9.404085348684212,47.02042674342105
0,5,715.93,0,0,1,20897.96,1,1,647.9434861,0.0,0.0
3,5,798.92,2,1,1,20900.09,2,1,844.2098201,9.25668662390351,277.70059871710527
3,7,673.25,2,1,0,20910.94,2,1,619.8681172,6.7967995307017555,203.90398592105265
2,6,662.82,1,1,1,20919.1,2,1,656.4575669,14.395999274122808,215.9399891118421
1,5,587.69,0,0,0,20956.92,1,0,361.0301742,0.0,0.0
2,7,887.91,1,0,0,20988.27,0,1,724.8519505,15.895876107456143,0.0
1,5,813.13,0,0,0,21015.26,2,1,640.9150403,0.0,0.0
0,6,892.43,0,0,1,21027.82,1,1,727.3685723,0.0,0.0
1,5,390.65,0,0,1,21047.34,3,1,984.0387802,0.0,0.0
2,6,627.91,2,1,1,21104.1,3,0,823.628494,9.031014188596492,270.9304256578948
2,2,765.99,1,2,0,21128.67,2,0,470.4746362,10.317426232456143,77.38069674342105
2,2,752.77,1,2,1,21188.82,0,0,319.4338803,7.005128953947369,52.538467154605264
1,6,849.33,0,0,1,21189.48,3,0,487.251743,0.0,0.0
0,5,1046.68,0,0,1,21197.44,1,1,801.7182161,0.0,0.0
2,6,996.64,1,1,0,21220.11,0,1,495.153671,10.858633135964913,162.87949703947368
2,3,1054.58,1,1,1,21255.23,0,1,696.3223547,15.270227076754388,229.05340615131578
3,6,751.4,2,1,1,21288.94,2,1,805.8326737,8.83588458004386,265.07653740131576
1,1,799.66,0,1,0,21299.68,1,0,277.1831966,0.0,91.17868309210526
1,3,802.89,0,0,0,21307.33,1,1,765.879138,0.0,0.0
3,4,675.74,2,1,0,21394.01,1,1,869.2543121,9.531297281798247,285.93891845394734
3,8,613.67,2,1,0,21489.89,0,0,273.5962329,2.999958694078948,89.99876082236842
2,4,749.44,1,1,1,21510.21,2,0,483.1073489,10.594459405701755,158.91689108552632
2,5,503.2,1,1,0,21514.42,2,1,902.630464,19.794527719298248,296.9179157894737
3,5,1019.52,2,1,1,21532.89,1,1,760.5243042,8.339082282894738,250.1724684868421
1,4,952.53,0,0,1,21533.11,1,1,600.6304808,0.0,0.0
1,5,635.28,2,1,1,21549.44,1,0,481.9255305,5.284271167763158,158.52813503289474
2,3,731.05,1,1,1,21571.95,1,0,479.555862,10.516575921052633,157.74863881578946
1,2,883.09,0,1,1,21622.9,1,1,842.963205,0.0,277.29052796052633
0,5,543.82,0,0,0,21678.79,2,0,475.8695502,0.0,0.0
1,7,744.79,0,0,1,21717.13,2,1,740.654246,0.0,0.0
2,9,747.74,1,0,0,21937.54,2,0,372.4623946,8.168034969298246,0.0
3,6,877.3,2,1,0,21952.31,2,1,810.6254768,8.888437245614035,266.653117368421
3,6,676.79,2,1,1,21962.35,1,1,583.2890522,6.3957132916666675,191.87139875
3,4,895.81,2,1,0,21977.73,2,1,796.9563827,8.738556827850879,262.1567048355263
2,2,819.78,1,2,0,21991.53,0,1,636.8844293,13.966763800438597,104.75072850328947
0,8,801.48,0,0,0,22003.44,2,1,960.3130864,0.0,0.0
2,6,879.51,1,1,1,22013.63,0,0,422.5633362,9.266739828947369,139.00109743421052
3,4,882.3,2,1,1,22055.03,0,1,825.7049777,9.053782650219299,271.6134795065789
1,6,1113.17,0,0,0,22116.9,2,0,404.0829903,0.0,0.0
1,5,1047.23,0,0,0,22144.56,0,1,508.1793159,0.0,0.0
2,2,1136.0,1,2,0,22178.75,1,0,550.8021215,12.078993892543862,90.59245419407894
1,6,835.43,0,0,0,22204.0,0,1,537.8010046,0.0,0.0
2,4,880.15,1,1,0,22242.58,2,1,616.882502,13.528125043859651,202.92187565789476
3,6,1097.89,2,1,1,22277.67,2,1,709.3098138,7.777519888157896,233.32559664473686
1,4,677.17,0,0,0,22290.57,2,1,572.6231332,0.0,0.0
4,6,956.65,3,1,1,22290.71,1,1,713.9166273,5.218688796052632,234.8409958223684
3,1,761.44,2,5,1,22292.44,0,0,511.8791568,5.612710052631579,33.67626031578947
4,7,900.39,3,1,0,22294.67,1,1,883.6118169,6.459150708333334,290.661781875
0,4,699.81,0,0,1,22303.66,1,1,688.030491,0.0,0.0
2,4,888.96,1,1,0,22313.49,0,1,635.0349124,13.92620421929825,208.8930632894737
2,1,1010.53,1,3,0,22346.64,2,0,567.0330186,12.434934618421053,62.17467309210526
2,6,705.26,1,1,0,22377.23,2,1,804.4602565,17.64167229166667,264.62508437500003
4,3,770.08,3,2,0,22386.58,2,1,714.0825767,5.219901876461989,117.44779222039473
2,6,931.66,1,1,1,22386.93,1,0,618.0101314,13.552853758771931,203.29280638157894
1,3,757.73,0,0,0,22432.58,2,1,915.4694544,0.0,0.0
1,5,729.06,0,0,0,22456.58,1,1,848.0907729,0.0,0.0
1,6,924.04,0,0,0,22527.33,0,1,606.1839763,0.0,0.0
1,6,801.99,0,0,1,22542.9,1,0,325.9106886,0.0,0.0
1,6,734.43,0,0,0,22545.5,2,1,606.015138,0.0,0.0
3,5,820.54,2,1,0,22586.51,0,1,579.811638,6.357583750000001,190.72751250000002
3,6,838.25,2,1,1,22592.39,0,1,651.2505703,7.140905376096493,214.22716128289474
2,4,873.04,1,1,0,22599.47,1,0,525.5660584,11.525571456140352,172.88357184210525
2,9,863.06,1,0,1,22622.14,1,1,812.9828301,17.828570835526317,0.0
2,8,983.43,1,0,1,22657.68,4,0,529.1219825,11.603552247807018,0.0
4,3,720.31,3,2,1,22691.55,2,1,849.2852361,6.20822541008772,139.6850717269737
0,5,795.34,0,0,0,22724.75,2,0,678.2539839,0.0,0.0
4,5,470.52,3,1,0,22726.77,2,1,671.1305381,4.905924986111112,220.766624375
3,5,904.32,2,1,1,22728.0,1,0,538.103211,5.900254506578948,177.00763519736842
0,9,843.85,0,0,1,22729.18,1,1,577.2556066,0.0,0.0
2,9,990.99,1,0,0,22734.82,2,0,690.3913356,15.140160868421056,0.0
0,4,638.7,0,0,1,22741.98,1,1,606.5647402,0.0,0.0
2,6,824.89,1,1,1,22751.5,0,1,669.3708527,14.679185366228072,220.18778049342106
2,5,630.08,1,1,0,22784.23,0,1,609.2283984,13.360271894736842,200.40407842105262
2,4,693.64,1,1,0,22786.52,1,1,821.4638294,18.014557662280705,270.2183649342105
2,6,750.79,1,1,1,22787.4,3,1,888.2096974,19.478282837719302,292.1742425657895
2,4,883.45,1,1,0,22813.35,2,0,372.4437758,8.167626662280703,122.51439993421053
3,6,733.48,2,1,0,22880.75,1,0,289.727488,3.1768364912280704,95.30509473684211
3,2,676.98,2,3,0,22900.94,2,1,711.565416,7.802252368421054,78.02252368421053
2,5,662.58,1,1,1,22932.87,1,1,783.0543301,17.172244081140352,257.58366121710526
3,8,669.97,2,1,0,22952.21,1,1,553.4463821,6.068491031798247,182.05473095394737
1,4,719.97,0,0,1,22954.06,0,1,553.3296824,0.0,0.0
1,3,886.07,0,0,1,22982.15,1,0,448.3860326,0.0,0.0
2,8,807.56,1,0,0,22984.61,0,1,710.7783943,15.587245489035089,0.0
3,4,784.66,2,1,0,22990.62,1,0,413.4531972,4.533478039473684,136.00434118421052
3,5,1189.12,2,1,0,23070.28,0,1,473.8204534,5.195399708333334,155.86199125000002
1,6,682.29,0,0,1,23078.73,0,0,498.0954245,0.0,0.0
3,6,792.56,2,1,0,23087.74,2,1,812.8427609,8.912749571271931,267.3824871381579
4,3,534.57,3,2,1,23102.74,2,0,704.0986425,5.14691990131579,115.80569777960525
2,5,1024.0,1,1,0,23140.23,1,1,798.8415518,17.518455083333336,262.77682625
3,6,683.29,2,1,1,23182.8,1,0,507.9912064,5.57007901754386,167.10237052631578
4,5,627.4,3,1,1,23288.42,1,1,738.9335159,5.401560788742691,243.07023549342105
2,9,746.65,1,0,1,23299.5,2,1,820.8426313,18.000934896929827,0.0
1,4,942.95,0,0,0,23348.8,1,1,650.9153023,0.0,0.0
3,8,824.74,2,1,1,23400.22,1,0,682.4282341,7.482765724780704,224.48297174342107
3,7,867.73,2,1,0,23413.83,0,0,266.5493575,2.9226903234649124,87.68070970394736
2,5,813.69,1,1,1,23541.2,1,1,612.597427,13.434154100877196,201.5123115131579
2,9,996.07,1,0,0,23587.13,3,0,744.9913096,16.33752871929825,0.0
3,7,944.98,2,1,1,23591.03,1,1,805.4482994,8.831669949561405,264.9500984868421
0,5,606.3,0,0,1,23623.36,1,0,558.7426381,0.0,0.0
4,3,732.57,3,2,1,23679.47,0,1,560.2871201,4.09566608260234,92.15248685855263
2,5,739.0,1,1,1,23731.51,0,0,368.2610223,8.075899611842106,121.13849417763157
3,3,733.35,2,2,0,23763.85,0,1,714.2249699,7.831414143640352,117.47121215460527
1,8,841.62,0,0,0,23764.01,2,0,603.7833777,0.0,0.0
3,4,887.57,2,1,0,23856.6,0,1,601.7798412,6.598463171052632,197.95389513157895
3,5,650.6,2,1,0,23861.79,0,1,543.0623118,5.954630611842106,178.63891835526314
0,6,817.24,0,0,0,23889.94,2,1,913.1323358,0.0,0.0
3,7,579.55,2,1,1,23892.45,0,0,457.7362956,5.019038328947369,150.57114986842106
2,0,549.85,1,3,0,23928.25,2,1,611.2579713,13.404780072368423,67.0239003618421
3,7,601.03,2,1,1,23941.9,1,1,709.0986932,7.775204969298246,233.25614907894735
0,2,702.84,0,0,1,23958.43,0,1,475.0254414,0.0,0.0
2,4,699.42,1,1,0,24008.13,0,1,472.7264476,10.366808061403509,155.5021209210526
1,4,706.03,0,0,0,24016.9,2,0,630.1971374,0.0,0.0
1,5,836.06,0,0,0,24032.65,0,0,253.1077251,0.0,0.0
1,4,751.24,0,0,1,24104.97,2,1,835.1975354,0.0,0.0
3,2,929.79,2,3,1,24110.05,2,0,654.9929598,7.181940348684211,71.81940348684209
3,2,729.58,2,3,1,24148.75,3,1,935.0084535,10.252285674342106,102.52285674342104
2,8,861.31,1,0,0,24174.71,1,0,640.1846499,14.039137059210526,0.0
2,7,932.1,1,0,1,24188.14,2,0,499.3299628,10.95021848245614,0.0
2,4,687.94,1,1,1,24203.05,1,0,400.5461624,8.78390707017544,131.7586060526316
3,5,934.82,2,1,0,24210.55,0,1,593.7690527,6.5106255778508775,195.3187673355263
2,0,708.78,1,1,1,24223.22,2,1,693.0780987,15.199081111842109,227.9862166776316
2,6,599.88,1,1,1,24223.48,0,1,494.1409317,10.836423940789475,162.5463591118421
2,1,984.8,1,3,0,24249.31,2,1,687.4601268,15.075879973684213,75.37939986842105
2,5,641.03,1,1,0,24266.75,0,1,503.5726532,11.043259938596492,165.64889907894735
2,2,1025.77,1,2,1,24293.56,2,0,476.6830107,10.453574796052633,78.40181097039473
2,7,1002.39,1,0,1,24347.73,2,1,930.4058197,20.40363639692983,0.0
4,0,856.25,3,2,0,24394.06,2,1,708.0228553,5.175605667397661,116.45112751644736
3,8,684.81,2,1,0,24404.43,1,0,608.3808917,6.670843110745615,200.1252933223684
2,3,513.97,1,1,0,24447.93,2,0,482.3048555,10.57686086622807,158.65291299342104
1,7,714.65,0,0,0,24488.96,1,0,567.2766771,0.0,0.0
2,4,1015.45,1,1,0,24516.2,1,1,568.6443874,12.470271653508775,187.0540748026316
3,5,879.29,2,1,0,24582.51,3,0,748.8892048,8.211504438596492,246.34513315789474
1,9,834.03,0,0,1,24583.35,1,1,820.7227302,0.0,0.0
0,4,906.78,0,0,0,24609.42,2,1,793.7354241,0.0,0.0
4,8,635.78,3,1,1,24609.66,0,0,432.3340355,3.160336516812866,142.21514325657895
2,4,534.15,1,1,0,24618.26,1,1,682.4090632,14.965111035087721,224.47666552631577
3,1,767.12,2,5,0,24635.02,1,0,511.1914351,5.605169244517544,33.631015467105264
0,5,837.24,0,0,1,24661.81,2,1,793.2423456,0.0,0.0
2,7,931.86,1,0,0,24697.02,0,1,575.1968352,12.613965684210529,0.0
2,4,511.18,1,1,1,24732.64,0,1,412.9688218,9.05633381140351,135.84500717105263
2,1,835.9,1,3,1,24741.96,0,0,348.9191531,7.651735813596493,38.258679067982456
3,10,875.56,2,1,1,24743.19,1,1,682.6718095,7.485436507675439,224.56309523026314
2,6,911.72,1,1,1,24762.94,0,1,845.9697556,18.551968324561404,278.27952486842105
0,8,758.0,0,0,0,24767.0,0,0,439.7280884,0.0,0.0
4,6,893.72,3,1,1,24822.96,0,0,376.4520199,2.7518422507309945,123.83290128289472
3,4,505.88,2,1,1,24826.06,3,0,620.8044324,6.807066144736843,204.21198434210527
3,2,875.98,2,3,0,24849.38,2,0,534.6117635,5.8619710910087734,58.61971091008772
2,8,790.51,1,0,0,24854.53,1,1,905.4282995,19.855883760964915,0.0
4,7,770.68,3,1,0,24871.18,0,1,714.209685,5.220831030701755,234.93739638157896
0,3,649.56,0,0,0,24884.65,0,1,653.0106592,0.0,0.0
1,6,702.43,0,0,0,24957.63,2,1,874.6551407,0.0,0.0
1,2,669.69,0,1,1,24973.46,0,0,360.5414968,0.0,118.59917657894736
3,1,940.05,2,5,1,24975.39,2,0,588.2533207,6.450146060307018,38.700876361842106
3,6,695.68,2,1,1,24977.27,0,0,175.8872951,1.9285887620614037,57.8576628618421
3,2,864.51,2,3,1,25012.42,0,1,480.8326846,5.272288208333334,52.722882083333324
2,5,1069.87,1,1,1,25057.67,0,1,748.3173904,16.4104690877193,246.15703631578947
1,0,803.67,0,0,1,25087.46,0,1,484.601514,0.0,0.0
2,5,806.86,1,1,0,25091.68,3,1,800.4168675,17.55300148026316,263.2950222039473
1,6,725.53,0,0,0,25109.88,3,0,559.7427587,0.0,0.0
2,6,742.55,1,1,1,25114.88,1,0,599.9276294,13.156307662280703,197.3446149342105
2,4,854.11,1,1,0,25119.88,1,1,556.3738439,12.201180787280704,183.0177118092105
2,2,653.43,1,2,1,25127.72,1,1,769.0218418,16.864514074561406,126.48385555921051
2,4,784.79,1,1,1,25128.15,2,1,709.3422097,15.5557502127193,233.33625319078948
2,5,838.58,1,1,1,25174.6,0,1,643.2787613,14.106990379385968,211.6048556907895
2,4,504.24,1,1,0,25193.6,1,0,264.9235721,5.8097274583333345,87.145911875
2,6,849.08,1,1,1,25230.29,2,0,551.5703553,12.095841125,181.43761687499997
2,3,693.11,1,1,0,25254.15,2,0,481.9605295,10.569309857456142,158.5396478618421
2,5,593.12,1,1,1,25339.76,1,1,780.9526325,17.12615422149123,256.8923133223684
2,5,648.93,1,1,0,25351.52,1,1,732.5346668,16.064356728070177,240.96535092105262
0,3,766.53,0,0,1,25372.96,1,0,300.4399838,0.0,0.0
2,6,756.78,1,1,0,25382.09,0,0,323.9576779,7.104335041666668,106.565025625
2,5,666.23,1,1,0,25393.47,1,0,328.825046,7.211075570175439,108.16613355263158
3,5,642.72,2,1,0,25405.56,0,0,177.9914984,1.951661166666667,58.549835
2,4,777.78,1,1,0,25425.08,2,1,679.6670644,14.904979482456142,223.57469223684208
1,6,1129.49,0,0,0,25438.6,3,1,862.0787587,0.0,0.0
1,7,691.1,0,0,0,25467.6,1,1,855.5163868,0.0,0.0
2,4,771.59,1,1,1,25489.96,1,1,601.7710286,13.196733083333335,197.95099625
3,3,802.81,2,2,0,25520.17,2,1,541.0411806,5.932469085526316,88.98703628289473
2,6,503.58,1,1,0,25547.56,3,0,509.1694236,11.165996131578948,167.4899419736842
2,7,652.57,1,0,0,25566.98,1,1,660.2078757,14.478242888157897,0.0
0,6,803.83,0,0,0,25585.89,2,1,606.2907617,0.0,0.0
2,2,852.38,1,2,0,25600.11,2,0,395.8549112,8.681028754385967,65.10771565789473
3,6,884.14,2,1,1,25621.9,0,0,613.4892019,6.726855283991229,201.80565851973685
3,4,485.29,2,1,0,25695.76,1,0,446.9125902,4.900357348684211,147.01072046052633
3,6,510.57,2,1,1,25751.31,2,0,545.4339181,5.980635066885966,179.41905200657897
1,6,948.47,0,0,0,25758.26,2,0,474.1761551,0.0,0.0
2,7,801.08,1,0,0,25772.23,3,1,739.2765584,16.21220522807018,0.0
3,4,878.4,2,1,0,25774.32,1,1,602.1315135,6.602319226973685,198.06957680921053
2,2,767.13,1,2,1,25828.96,1,0,552.0702558,12.106803855263161,90.80102891447369
3,6,723.02,2,1,1,25843.01,0,0,244.0172693,2.6756279528508777,80.26883858552632
1,1,965.07,0,1,1,25904.59,2,0,396.6605482,0.0,130.4804434868421
0,7,703.67,0,0,1,26051.29,1,1,686.8261898,0.0,0.0
2,4,713.9,1,1,0,26058.28,0,1,653.2008685,14.324580449561404,214.86870674342103
4,9,770.0,3,1,1,26072.34,0,1,621.9227847,4.546219186403509,204.5798633881579
2,7,808.93,1,0,1,26083.57,1,1,605.607782,13.280872412280704,0.0
3,9,744.67,2,1,1,26095.19,1,1,788.4536996,8.645325653508774,259.3597696052632
2,7,764.79,1,0,1,26101.9,0,1,782.140521,17.15220440789474,0.0
0,4,591.84,0,0,0,26173.34,1,0,305.36883,0.0,0.0
0,5,928.69,0,0,0,26182.2,0,1,624.6922853,0.0,0.0
3,0,747.69,2,0,1,26251.25,2,1,758.3134216,8.314840149122809,0.0
2,5,778.5,1,1,0,26252.68,2,0,492.8836598,10.808852188596491,162.13278282894737
4,5,689.76,3,1,0,26291.15,0,0,349.6027282,2.555575498538012,115.00089743421053
4,4,996.57,3,2,0,26294.83,0,1,376.6231262,2.753093027777778,61.944593125
1,5,323.95,0,0,0,26295.5,1,1,505.4436476,0.0,0.0
0,2,840.99,0,0,1,26297.68,2,0,663.8351392,0.0,0.0
0,2,638.39,0,0,0,26305.76,2,1,675.4832544,0.0,0.0
2,7,911.98,1,0,0,26336.01,2,1,794.8439016,17.430787315789477,0.0
3,5,698.63,2,1,1,26337.36,1,1,731.2069996,8.017620609649123,240.52861828947368
1,7,970.66,0,0,1,26338.22,3,1,802.164383,0.0,0.0
1,5,692.13,0,0,0,26348.19,2,0,490.1176933,0.0,0.0
4,8,795.46,3,1,0,26405.81,1,1,769.1072468,5.6221289970760235,252.99580486842103
1,2,795.15,0,1,1,26411.26,1,1,752.286137,0.0,247.4625450657895
3,5,1074.9,2,1,1,26420.49,1,0,309.3080252,3.391535364035088,101.74606092105262
0,5,787.6,0,0,0,26472.36,2,1,659.0702207,0.0,0.0
2,7,868.06,1,0,0,26477.51,0,1,551.787806,12.100609780701756,0.0
1,6,1002.71,0,0,1,26478.15,2,0,420.8366003,0.0,0.0
0,4,844.57,0,0,0,26500.91,1,1,880.8234158,0.0,0.0
3,7,827.01,2,1,1,26537.74,0,0,432.2673572,4.739773653508772,142.19320960526315
0,9,856.15,0,0,0,26546.13,1,1,555.3269443,0.0,0.0
2,9,983.6,1,0,0,26546.3,2,0,598.14145,13.11713706140351,0.0
0,2,573.02,0,0,0,26570.86,1,1,541.1080977,0.0,0.0
2,3,698.84,1,1,0,26577.03,1,1,442.226251,9.697944100877194,145.4691615131579
1,4,912.46,0,0,0,26579.64,2,1,976.1715232,0.0,0.0
2,1,560.7,1,3,0,26586.82,1,0,456.862551,10.018915592105264,50.09457796052631
2,5,771.82,1,1,1,26668.29,2,1,879.250475,19.281808662280707,289.22712993421055
0,9,1009.31,0,0,0,26697.92,2,0,715.5738462,0.0,0.0
1,5,793.79,0,0,0,26738.67,1,1,874.3112671,0.0,0.0
2,3,800.93,1,1,1,26743.0,0,1,746.518128,16.37101157894737,245.56517368421055
3,4,695.24,2,1,0,26862.82,0,1,598.5220013,6.562741242324563,196.88223726973686
2,5,943.71,1,1,0,26873.88,2,0,286.6848998,6.286949557017544,94.30424335526315
1,6,558.97,0,0,1,26922.51,2,1,867.2113868,0.0,0.0
2,6,750.76,1,1,0,26952.99,2,1,789.5914601,17.31560219517544,259.7340329276316
2,6,548.8,1,1,0,27080.23,2,0,543.9354184,11.928408298245616,178.9261244736842
0,4,1109.07,0,0,0,27082.45,2,1,779.8866628,0.0,0.0
3,1,901.33,2,5,1,27090.16,2,1,707.9660271,7.7627853848684225,46.57671230921053
2,1,939.97,1,3,1,27136.17,1,0,387.3232973,8.493931958333334,42.46965979166666
3,4,603.76,2,1,1,27143.19,0,1,437.6546558,4.79884491008772,143.96534730263159
2,5,659.68,1,1,1,27161.28,1,1,587.5861556,12.885661307017545,193.28491960526316
3,5,615.59,2,1,1,27163.95,1,0,504.4878011,5.5316644857456145,165.94993457236842
3,3,776.97,2,2,1,27194.27,2,1,593.6745546,6.509589414473685,97.64384121710526
1,4,942.08,0,0,1,27218.13,1,1,616.0944936,0.0,0.0
1,7,935.01,0,0,1,27243.07,2,0,599.035737,0.0,0.0
1,2,791.78,0,1,0,27267.91,2,1,882.6201297,0.0,290.33556898026313
1,4,613.78,0,0,0,27295.77,2,1,637.6792316,0.0,0.0
2,9,674.48,1,0,1,27319.21,2,1,905.8731672,19.86563963157895,0.0
2,10,1064.73,1,0,1,27339.04,1,0,455.7820163,9.995219655701757,0.0
0,3,872.07,0,0,0,27389.26,2,1,641.3209105,0.0,0.0
1,3,550.83,0,0,0,27439.6,2,1,586.4738462,0.0,0.0
3,5,732.97,2,1,1,27439.77,1,1,652.8906719,7.158888946271931,214.7666683881579
3,5,802.68,2,1,0,27474.05,1,1,490.6354472,5.3797746403508775,161.3932392105263
2,5,621.6,1,1,0,27571.38,1,0,421.1591555,9.23594639254386,138.5391958881579
1,5,755.23,0,0,0,27605.69,1,0,442.6147902,0.0,0.0
1,9,1040.6,0,0,1,27620.24,0,0,446.45579,0.0,0.0
1,6,622.23,0,0,0,27623.69,0,1,680.8628705,0.0,0.0
3,7,533.3,2,1,1,27626.36,0,1,657.3938401,7.208265790570176,216.24797371710528
2,5,1113.18,1,1,1,27659.79,3,0,601.3236612,13.186922394736843,197.8038359210526
2,6,1010.55,1,1,0,27689.47,1,0,440.5656881,9.661528247807018,144.92292371710525
2,4,953.72,1,1,0,27690.35,1,1,555.6780785,12.185922774122808,182.7888416118421
2,2,666.58,1,2,1,27716.53,1,0,530.3579115,11.63065595394737,87.22991965460527
1,5,961.91,0,0,0,27755.02,0,0,462.4141799,0.0,0.0
4,5,657.8,3,1,1,27780.65,1,0,489.3365077,3.57702125511696,160.96595648026317
0,7,926.45,0,0,1,27785.45,2,1,774.0506127,0.0,0.0
1,4,622.28,0,0,0,27825.25,1,0,344.9279635,0.0,0.0
2,4,825.94,1,1,1,27846.65,2,0,492.5951271,10.802524717105264,162.03787075657894
2,6,888.47,1,1,0,27854.32,2,0,592.0069616,12.982608807017545,194.73913210526314
1,9,835.06,0,0,1,27876.39,2,1,755.5377839,0.0,0.0
3,4,941.85,2,1,1,27887.61,2,0,658.3205735,7.218427341008773,216.55282023026317
3,3,571.3,2,2,0,27899.3,0,0,294.6957175,3.2313126918859654,48.46969037828947
2,5,954.01,1,1,1,27990.39,0,0,270.2592943,5.92673891008772,88.9010836513158
2,5,778.53,1,1,0,28011.26,0,1,471.6859469,10.343990063596491,155.15985095394737
1,6,986.3,0,0,1,28032.2,0,0,434.8873127,0.0,0.0
2,3,1034.6,1,1,0,28074.6,0,1,464.5967688,10.18852563157895,152.8278844736842
2,8,682.47,1,0,0,28083.17,1,1,536.4161256,11.76351152631579,0.0
3,6,693.03,2,1,1,28093.23,2,1,934.077732,10.242080394736844,307.2624118421052
2,9,1113.99,1,0,0,28093.77,2,0,609.2879406,13.361577644736842,0.0
2,6,637.27,1,1,0,28094.45,0,1,485.9354521,10.6564792127193,159.84718819078947
1,5,658.94,0,0,1,28110.64,2,1,818.8201127,0.0,0.0
1,2,657.97,0,1,0,28148.91,1,1,711.3453733,0.0,233.9951885855263
2,4,586.48,1,1,1,28153.0,0,1,620.7240903,13.61237040131579,204.18555601973682
1,5,841.03,0,0,0,28153.11,3,0,799.1545397,0.0,0.0
4,5,679.04,3,1,0,28184.43,1,1,570.3828451,4.169465241959065,187.6259358881579
5,6,633.97,4,2,1,28202.39,0,0,447.529972,2.4535634429824564,73.60690328947368
2,6,361.13,1,1,1,28218.63,1,0,441.8739292,9.690217745614037,145.35326618421053
3,2,603.58,2,3,0,28243.32,0,0,224.5919176,2.4626306754385965,24.62630675438596
1,5,699.25,0,0,0,28249.71,2,1,941.2855214,0.0,0.0
3,2,695.3,2,3,0,28278.67,0,1,535.0481464,5.866755991228071,58.66755991228069
3,3,927.71,2,2,1,28285.37,0,1,581.3758404,6.374735092105264,95.62102638157894
2,5,554.38,1,1,1,28399.11,0,0,312.5746088,6.8547063333333345,102.82059500000001
3,8,867.34,2,1,1,28403.65,1,0,541.3948634,5.936347186403509,178.09041559210524
2,5,861.43,1,1,1,28405.85,0,1,498.6166918,10.934576574561405,164.01864861842105
2,6,905.64,1,1,0,28407.03,0,1,641.2404715,14.062291041666668,210.934365625
2,6,755.85,1,1,0,28414.45,2,1,762.1161771,16.713074059210527,250.69611088815788
2,7,1046.44,1,0,1,28452.41,1,1,630.6312016,13.82963161403509,0.0
3,8,780.66,2,1,1,28477.29,1,1,727.4280326,7.9761845679824575,239.2855370394737
3,5,758.62,2,1,0,28484.97,1,0,282.0730577,3.092906334429825,92.78719003289473
2,3,776.74,2,1,1,28498.21,1,1,844.0376613,9.254798917763159,277.64396753289475
2,5,875.28,1,1,0,28512.28,2,1,699.819949,15.346928706140352,230.20393059210525
4,3,812.58,3,2,1,28523.47,0,1,523.1900482,3.8244886564327487,86.05099476973683
1,5,831.82,0,0,1,28563.2,0,0,471.8930473,0.0,0.0
1,5,747.02,0,0,0,28595.98,0,1,471.1284367,0.0,0.0
1,2,684.1,0,1,0,28602.42,1,0,504.7278098,0.0,166.02888480263158
3,5,836.5,2,1,1,28629.77,2,1,862.2175725,9.454140049342106,283.62420148026314
2,5,1000.44,1,1,0,28649.43,1,0,285.7052733,6.265466519736843,93.98199779605262
1,3,610.17,0,0,0,28660.04,1,1,529.752567,0.0,0.0
1,6,833.6,0,0,0,28663.06,0,1,547.9316486,0.0,0.0
2,5,633.56,1,1,1,28722.73,0,0,553.7611718,12.143885346491231,182.15828019736844
2,4,742.02,1,1,0,28730.32,1,0,603.3643827,13.231675059210527,198.4751258881579
2,1,967.37,1,3,0,28745.23,2,1,672.1716595,14.740606567982459,73.70303283991228
2,4,863.94,1,1,1,28760.84,3,1,922.5504972,20.23137055263158,303.4705582894737
1,11,946.74,0,0,1,28819.03,2,1,730.0905088,0.0,0.0
1,3,786.13,0,0,0,28819.69,1,1,526.4591714,0.0,0.0
2,3,958.46,1,1,1,28827.97,2,1,879.0225319,19.27680991008772,289.15214865131577
3,8,698.03,2,1,0,28833.16,0,1,539.7390272,5.918191087719299,177.54573263157894
1,2,972.73,0,1,1,28861.85,0,1,680.8111229,0.0,223.95102726973684
0,4,1185.36,0,0,1,28864.24,0,1,662.1393949,0.0,0.0
0,3,1024.82,0,0,1,28876.67,1,1,613.7702422,0.0,0.0
3,6,1005.53,2,1,0,28894.24,3,1,917.2148836,10.057180741228072,301.71542223684213
1,3,808.19,0,0,0,28898.87,0,1,508.9257612,0.0,0.0
3,5,845.62,2,1,1,28938.08,1,0,464.2619137,5.090591158991228,152.71773476973684
4,5,599.01,3,1,0,28939.04,2,0,432.1356836,3.158886576023392,142.14989592105263
1,5,767.79,0,0,0,28953.16,0,0,183.4503234,0.0,0.0
3,7,729.7,2,1,0,29004.38,0,1,668.9365583,7.334830683114036,220.04492049342105
2,3,581.22,1,1,0,29023.85,1,1,572.7088478,12.559404557017544,188.39106835526314
4,4,724.42,3,2,1,29061.4,1,1,869.8259693,6.358376968567252,143.06348179276316
2,7,729.12,1,0,0,29066.2,0,1,655.2151632,14.36875357894737,0.0
2,6,787.1,1,1,1,29109.56,4,0,803.503396,17.62068850877193,264.3103276315789
2,5,750.74,1,1,0,29119.48,1,1,566.9710993,12.43357673903509,186.50365108552631
2,4,683.02,1,1,1,29193.07,1,0,606.133103,13.292392609649125,199.38588914473684
2,4,631.85,1,1,0,29206.67,0,0,445.7234847,9.774637822368422,146.6195673355263
2,5,726.25,1,1,0,29213.75,0,1,791.0802607,17.348251331140354,260.2237699671053
3,8,1024.32,2,1,0,29350.88,2,1,760.0749706,8.334155379385967,250.02466138157897
1,3,644.34,0,0,0,29411.13,1,0,349.3330573,0.0,0.0
1,7,904.79,0,0,0,29416.5,0,1,793.6899716,0.0,0.0
2,5,686.9,1,1,0,29489.46,2,1,937.6211463,20.561867243421055,308.4280086513158
2,4,912.5,1,1,0,29492.59,0,0,547.5001535,12.006582313596493,180.09873470394737
4,4,751.46,3,2,0,29637.91,2,1,720.9022472,5.269753269005849,118.56944855263158
1,3,730.49,0,0,0,29719.32,1,1,549.545373,0.0,0.0
1,4,630.91,0,0,1,29720.86,0,1,501.4505145,0.0,0.0
3,3,829.61,2,2,0,29728.82,1,1,568.0921031,6.229080077850878,93.43620116776316
2,2,639.22,1,2,0,29826.67,1,1,560.0940142,12.282763469298246,92.12072601973684
1,5,735.06,0,0,0,29839.01,0,0,356.9985167,0.0,0.0
1,5,870.71,0,0,1,29910.62,3,1,812.1212149,0.0,0.0
1,5,571.11,0,0,1,29918.34,2,0,561.2457488,0.0,0.0
0,5,669.56,0,0,1,29937.32,1,0,417.4897091,0.0,0.0
1,4,733.47,0,0,0,29943.51,2,1,616.2416058,0.0,0.0
1,2,984.48,0,1,1,29999.75,2,1,840.2709695,0.0,276.4049241776316
2,8,932.84,1,0,0,30009.93,1,1,818.1268647,17.941378611842108,0.0
1,8,535.6,0,0,1,30021.33,0,0,583.1157672,0.0,0.0
3,5,988.62,2,1,0,30021.55,3,1,731.2151799,8.017710305921053,240.53130917763156
2,5,901.61,1,1,1,30061.2,1,1,920.8554234,20.194197881578948,302.9129682236842
2,7,996.66,1,0,0,30070.15,0,1,618.7511794,13.569104811403509,0.0
2,3,868.51,1,1,0,30102.18,0,1,620.1505838,13.599793504385968,203.9969025657895
0,5,999.06,0,0,0,30210.45,1,1,732.9088264,0.0,0.0
2,5,956.49,1,1,1,30233.2,1,0,640.7265185,14.05102014254386,210.7653021381579
1,5,862.96,0,0,1,30335.85,0,0,235.0878886,0.0,0.0
2,2,984.38,1,2,0,30375.05,2,0,505.7858724,11.091795447368423,83.18846585526316
3,4,733.62,2,1,1,30381.49,2,1,749.1383063,8.214235814692984,246.42707444078945
3,0,724.04,2,1,0,30385.25,1,1,804.8891237,8.825538637061404,264.7661591118421
3,4,671.4,2,1,1,30461.42,0,0,313.4620194,3.437083546052632,103.11250638157894
4,9,678.47,3,1,0,30465.27,2,1,706.8992695,5.167392320906433,232.53265444078946
2,1,752.08,1,3,0,30477.09,1,0,546.5076831,11.984817611842107,59.92408805921052
1,5,680.21,0,0,0,30484.49,0,1,495.1803516,0.0,0.0
3,1,741.72,2,5,0,30486.35,3,0,540.5141363,5.926690091008773,35.56014054605264
1,6,847.09,0,0,1,30523.26,2,0,526.1979671,0.0,0.0
1,5,689.15,0,0,1,30570.0,2,1,841.1148197,0.0,0.0
2,4,1111.85,1,1,1,30600.54,1,1,852.0437297,18.685169510964915,280.2775426644737
1,7,840.81,0,0,0,30684.89,0,0,226.4556426,0.0,0.0
2,5,742.32,1,1,1,30714.7,1,1,904.6661343,19.839169611842106,297.58754417763157
0,6,925.72,0,0,0,30721.85,0,0,348.1411043,0.0,0.0
1,8,518.49,0,0,0,30763.52,0,1,676.1190816,0.0,0.0
2,6,773.65,1,1,0,30764.16,2,1,695.0368687,15.242036594298249,228.63054891447368
1,7,696.3,0,0,0,30768.18,1,1,532.4827927,0.0,0.0
1,5,890.73,0,0,1,30770.24,3,1,805.6731421,0.0,0.0
1,7,580.33,0,0,0,30949.12,1,0,472.0017023,0.0,0.0
2,3,800.96,1,1,0,30971.97,2,0,455.3476047,9.985693085526316,149.78539628289474
3,0,673.71,2,2,1,30987.64,0,1,510.6912092,5.599684311403509,83.99526467105264
3,7,754.59,2,1,0,30996.0,1,0,522.8448179,5.732947564692982,171.98842694078945
2,3,786.46,1,1,0,31008.24,3,0,467.478603,10.251723750000002,153.77585625
1,6,626.75,0,0,0,31028.6,3,0,457.7769971,0.0,0.0
0,6,620.29,0,0,0,31055.69,1,1,747.975083,0.0,0.0
1,5,525.89,0,0,0,31088.66,1,0,347.7321872,0.0,0.0
5,5,1016.56,4,2,0,31100.16,1,1,640.2037452,3.5098889539473688,105.29666861842104
4,3,906.07,3,2,0,31143.81,0,0,350.6889098,2.56351542251462,57.67909700657894
1,4,778.09,0,0,0,31208.61,1,1,684.9239938,0.0,0.0
3,7,874.27,2,1,0,31211.12,0,1,642.4982494,7.044936945175439,211.34810835526315
3,5,772.83,2,1,1,31214.57,0,1,658.2630834,7.217796967105264,216.5339090131579
1,5,704.64,0,0,1,31282.86,0,1,626.4506534,0.0,0.0
2,5,947.73,1,1,0,31293.59,1,0,370.0732256,8.115640912280703,121.73461368421053
2,4,755.45,1,1,1,31312.08,2,0,531.6564844,11.659133429824562,174.8870014473684
2,7,847.06,1,0,0,31317.85,1,0,645.181718,14.148721885964916,0.0
2,6,548.96,1,1,0,31400.35,2,0,485.7386496,10.652163368421053,159.78245052631578
3,5,773.02,2,1,1,31408.38,2,0,378.701623,4.152430076754387,124.57290230263158
2,7,870.61,1,0,0,31430.75,1,1,756.6516959,16.593238945175443,0.0
1,5,702.04,0,0,0,31462.81,1,1,486.6259769,0.0,0.0
1,4,834.24,0,0,1,31470.86,1,1,775.9264744,0.0,0.0
2,4,701.95,1,1,1,31473.06,2,1,828.2807862,18.16405232894737,272.4607849342105
3,5,993.23,2,1,0,31536.8,1,1,752.0093749,8.245716830043861,247.3715049013158
1,6,719.2,0,0,0,31574.87,1,1,541.8547912,0.0,0.0
2,10,606.2,1,0,1,31577.13,1,0,540.1462009,11.845311423245617,0.0
2,8,825.89,1,0,0,31592.5,0,1,754.729268,16.551080438596493,0.0
0,5,868.31,0,0,0,31608.86,0,0,271.6913989,0.0,0.0
4,6,838.62,3,1,0,31661.56,0,0,267.7779516,1.957441166666667,88.0848525
2,6,581.92,1,1,1,31671.12,0,1,701.5860156,15.385658236842108,230.78487355263158
1,6,694.81,0,0,1,31686.0,2,0,566.6484087,0.0,0.0
2,6,928.7,1,1,1,31689.0,1,1,792.8161884,17.386319921052632,260.7947988157895
2,4,772.33,1,1,0,31731.94,2,1,531.610463,11.658124188596492,174.87186282894737
2,5,704.72,1,1,1,31749.91,2,1,926.2187523,20.311814743421056,304.6772211513158
1,6,699.62,0,0,1,31778.47,0,1,684.8009986,0.0,0.0
1,3,813.06,0,0,1,31780.33,2,1,908.841547,0.0,0.0
3,6,844.71,2,1,1,31825.02,1,1,818.0911026,8.97029717763158,269.1089153289474
3,2,651.79,2,3,0,31858.78,0,1,510.4280629,5.596798935307018,55.967989353070166
3,7,764.33,2,1,1,31872.19,2,0,570.4230146,6.254638317982457,187.6391495394737
1,7,661.46,0,0,1,31908.08,1,0,444.270298,0.0,0.0
1,5,761.19,0,0,1,31943.79,1,1,869.5514892,0.0,0.0
3,4,748.97,2,1,0,31973.67,2,1,579.2376011,6.351289485745615,190.53868457236842
1,6,769.82,0,0,0,32041.19,0,1,557.4036778,0.0,0.0
2,6,631.54,1,1,1,32046.17,2,1,821.5718157,18.016925782894738,270.25388674342105
3,5,828.86,2,1,1,32097.76,0,0,429.8587308,4.71336327631579,141.40089828947367
2,3,760.75,1,1,0,32129.77,3,0,545.6086013,11.965100905701757,179.47651358552633
1,4,747.96,0,0,0,32192.83,1,0,209.1575056,0.0,0.0
2,6,799.96,1,1,1,32253.73,1,1,805.9709803,17.674802199561405,265.12203299342104
1,3,968.28,0,0,0,32258.4,2,1,815.0588563,0.0,0.0
1,8,970.75,0,0,0,32285.37,0,0,367.968041,0.0,0.0
2,5,635.28,1,1,0,32315.58,1,1,567.3438377,12.441750826754387,186.62626240131578
1,4,897.21,0,0,0,32319.97,2,1,550.9329231,0.0,0.0
0,3,776.62,0,0,0,32341.3,0,1,528.2784474,0.0,0.0
1,2,828.02,0,1,1,32351.24,0,1,567.7590954,0.0,186.76286032894737
0,1,974.21,0,0,1,32363.36,1,0,447.4180752,0.0,0.0
1,6,880.51,0,0,1,32511.01,2,1,987.8537637,0.0,0.0
3,7,627.3,2,1,0,32568.9,0,1,488.9383085,5.361165663377194,160.8349699013158
3,6,891.78,2,1,0,32648.4,1,0,506.4166424,5.5528140614035095,166.58442184210526
3,5,823.05,2,1,0,32656.32,0,1,611.881149,6.709223125000001,201.27669375000002
2,3,653.71,1,1,0,32657.08,0,0,486.0989181,10.660063993421053,159.9009599013158
2,5,663.28,1,1,1,32704.18,1,1,650.4666246,14.264618960526319,213.96928440789475
2,7,818.59,1,0,0,32710.94,0,1,542.129924,11.888814122807018,0.0
3,3,664.68,2,2,1,32740.89,2,1,873.6665321,9.579676887061405,143.69515330592105
1,4,793.23,0,0,0,32791.1,0,0,152.8064994,0.0,0.0
1,5,824.09,0,0,1,32799.66,0,1,589.5633109,0.0,0.0
4,2,834.13,3,4,0,32820.26,0,0,453.0959102,3.3121046067251467,37.26117682565789
1,7,1090.44,0,0,0,32838.33,1,1,686.8929503,0.0,0.0
1,4,705.27,0,0,1,32894.0,1,1,655.0841218,0.0,0.0
1,6,701.89,0,0,1,32896.78,0,0,366.0123683,0.0,0.0
4,4,573.69,3,2,0,32902.39,1,0,355.4343346,2.598204200292398,58.459594506578945
3,6,847.1,2,1,0,32952.39,0,1,693.158645,7.600423739035088,228.0127121710526
3,7,1130.5,2,1,0,32998.19,1,0,423.8210781,4.647160944078948,139.41482832236844
3,8,947.1,2,1,0,33000.41,1,0,525.4912471,5.761965428728071,172.85896286184212
1,8,843.47,0,0,1,33015.78,0,1,770.5757588,0.0,0.0
1,6,1056.3,0,0,0,33057.16,2,1,650.9976783,0.0,0.0
3,3,647.53,2,2,1,33074.14,3,0,527.2751089,5.781525316885965,86.72287975328946
2,7,664.49,1,0,0,33094.49,1,0,590.0817935,12.940390208333335,0.0
1,7,804.29,0,0,0,33096.67,1,1,720.5930273,0.0,0.0
2,5,813.5,1,1,0,33164.3,1,1,596.5393003,13.082002199561407,196.23003299342105
3,5,901.75,2,1,0,33231.86,1,0,509.7194672,5.589029245614036,167.67087736842106
1,4,877.23,0,0,1,33337.88,1,1,701.0286772,0.0,0.0
3,2,1005.38,2,3,1,33346.93,1,1,754.6272794,8.274421923245615,82.74421923245613
3,5,761.19,2,1,1,33356.46,2,0,537.5937521,5.8946683344298245,176.8400500328947
2,6,965.2,1,1,0,33363.39,1,1,745.8097632,16.355477263157898,245.3321589473684
3,4,944.11,2,1,0,33446.94,1,1,898.5794256,9.85284457894737,295.58533736842105
2,5,556.77,1,1,1,33455.61,0,0,433.1814116,9.499592359649125,142.49388539473685
2,4,1033.89,1,1,1,33497.88,1,1,733.9495611,16.095385111842106,241.43077667763157
1,4,926.78,0,0,1,33504.17,0,1,616.5942508,0.0,0.0
4,4,840.2,3,2,0,33580.57,0,1,653.2507522,4.775224796783626,107.44255792763157
2,4,680.77,1,1,0,33587.08,1,1,519.901034,11.401338464912282,171.0200769736842
2,6,901.94,1,1,1,33624.6,2,0,688.1587974,15.091201697368424,226.36802546052633
2,6,824.3,1,1,0,33636.63,1,1,692.4349936,15.184977929824562,227.7746689473684
3,5,912.02,2,1,0,33736.56,0,0,353.0244501,3.8708821282894745,116.12646384868421
3,0,1060.11,2,1,1,33817.84,1,1,656.168438,7.194829364035089,215.84488092105263
3,5,785.79,2,1,1,33916.8,0,1,691.4960226,7.582193230263158,227.4657969078947
1,5,684.37,0,0,1,33920.09,0,1,570.8432625,0.0,0.0
3,4,615.35,2,1,0,33954.6,2,1,725.9703135,7.960200805921053,238.80602417763157
3,9,1123.53,2,1,1,33964.42,0,1,559.968969,6.140010625000001,184.20031875
4,7,1049.08,3,1,0,33978.15,0,1,796.1320637,5.819678828216375,261.88554726973683
3,6,785.44,2,1,0,33992.03,0,0,510.1875934,5.594162208333334,167.82486625
1,4,755.02,0,0,1,34067.78,2,1,696.9320827,0.0,0.0
3,7,572.78,2,1,1,34099.98,1,0,513.9281277,5.635176838815791,169.05530516447368
2,4,773.2,1,1,0,34162.2,1,1,683.0314774,14.978760469298248,224.68140703947367
2,4,871.99,1,1,1,34261.62,1,0,397.3597228,8.71402900877193,130.71043513157895
1,7,528.29,0,0,1,34288.53,0,1,763.6057424,0.0,0.0
2,3,971.81,1,1,1,34339.53,3,0,821.8827095,18.02374362938597,270.35615444078945
1,9,879.67,0,0,0,34346.14,1,0,329.5749611,0.0,0.0
1,5,567.83,0,0,0,34357.78,1,0,416.0863173,0.0,0.0
2,4,549.95,1,1,0,34362.91,1,1,605.9595005,13.288585537280703,199.3287830592105
2,9,998.93,1,0,1,34392.57,0,1,567.5890889,12.447129142543861,0.0
1,7,867.51,0,0,0,34397.74,1,1,654.6911119,0.0,0.0
1,5,1032.83,0,0,1,34453.53,1,1,787.5294336,0.0,0.0
1,1,878.83,0,1,0,34531.17,1,0,371.7114552,0.0,122.273505
4,2,755.81,3,4,0,34541.06,2,0,702.2583676,5.133467599415206,57.75151049342106
2,4,972.95,1,1,1,34625.01,3,1,829.2913526,18.18621387280702,272.79320809210526
3,4,724.01,2,1,0,34647.94,1,1,517.1574095,5.6705856304824565,170.11756891447368
2,5,1076.14,1,1,1,34651.95,2,0,558.4210491,12.246075638157896,183.6911345723684
1,2,708.64,0,1,0,34663.71,1,0,562.0554916,0.0,184.88667486842104
2,8,605.21,1,0,1,34695.89,2,1,680.9557555,14.933240252192984,0.0
2,6,761.41,1,1,1,34722.1,1,0,417.9645682,9.165889653508772,137.48834480263156
1,4,608.51,2,1,0,34811.43,2,1,776.9682302,8.519388489035089,255.58165467105263
2,4,685.43,1,1,0,34816.79,0,1,453.9486956,9.955015254385966,149.32522881578947
2,5,563.0,1,1,0,34857.7,1,1,501.5592067,10.99910541008772,164.9865811513158
2,0,594.82,1,3,0,34875.33,1,1,558.6983552,12.252156912280704,61.260784561403504
1,8,957.95,0,0,0,34888.0,2,1,795.4947438,0.0,0.0
2,4,885.58,1,1,0,34893.47,1,0,286.5175008,6.28327852631579,94.24917789473685
2,4,814.28,1,1,0,34929.14,1,0,418.7832479,9.183843155701755,137.75764733552631
2,2,775.24,1,2,0,34972.12,1,1,635.2988026,13.931991285087722,104.4899346381579
1,5,952.99,0,0,0,35064.79,1,1,633.2836786,0.0,0.0
3,3,761.02,2,2,1,35086.09,1,1,520.6575629,5.708964505482457,85.63446758223684
2,2,762.18,1,2,0,35141.26,2,1,786.3179031,17.243813664473684,129.32860248355263
2,4,923.94,1,1,0,35159.91,2,0,488.4036544,10.710606456140352,160.65909684210527
3,7,794.89,2,1,0,35189.49,2,0,670.8193916,7.35547578508772,220.66427355263158
3,6,767.65,2,1,0,35282.36,2,0,524.3016383,5.74892147258772,172.4676441776316
1,5,652.64,0,0,1,35364.15,1,1,784.2329099,0.0,0.0
2,7,825.89,1,0,0,35389.76,0,1,535.0685342,11.733959083333335,0.0
2,7,840.13,1,0,1,35397.42,2,1,761.2642415,16.694391260964913,0.0
1,9,572.76,0,0,1,35408.69,3,1,992.3211182,0.0,0.0
4,2,737.62,3,4,1,35443.13,3,1,1018.807208,7.447421111111112,83.78348749999999
3,6,637.24,2,1,1,35536.9,0,0,397.6351074,4.360034072368421,130.80102217105264
1,5,752.39,0,0,1,35560.75,1,1,589.4441598,0.0,0.0
1,7,658.86,0,0,1,35701.06,1,0,534.1766167,0.0,0.0
3,5,717.65,2,1,0,35729.31,0,0,416.2992859,4.564685152412281,136.9405545723684
2,6,578.78,1,1,0,35741.32,2,1,691.275315,15.159546381578949,227.3931957236842
3,6,865.67,2,1,1,35757.27,0,0,393.6225296,4.316036508771931,129.4810952631579
2,3,876.92,1,1,0,35764.37,1,1,581.4853804,12.751872377192985,191.27808565789476
3,5,773.66,2,1,1,35807.59,0,1,770.5384418,8.448886423245614,253.4665926973684
2,7,786.06,1,0,0,35869.9,2,1,656.3058064,14.392671192982458,0.0
1,5,861.68,0,0,0,35897.48,1,0,544.2242352,0.0,0.0
4,4,846.15,3,2,0,35945.14,0,1,483.5747113,3.534902860380117,79.53531435855263
2,5,842.02,1,1,1,36015.54,2,1,837.8105896,18.373039245614038,275.5955886842105
2,4,925.83,1,1,0,36063.58,2,0,474.6952299,10.409983111842108,156.14974667763158
3,1,593.11,2,5,0,36125.38,0,0,412.1831905,4.519552527412282,27.117315164473688
2,6,862.32,1,1,0,36173.24,1,1,765.0175452,16.77670055263158,251.65050828947366
1,5,713.62,0,0,1,36298.72,1,1,694.1850442,0.0,0.0
2,6,862.53,1,1,1,36313.84,1,0,430.6294796,9.443628938596493,141.65443407894736
1,8,895.34,0,0,0,36314.02,1,0,532.7216015,0.0,0.0
2,6,911.58,1,1,1,36316.9,1,0,475.0777396,10.418371482456141,156.2755722368421
3,4,686.59,2,1,1,36352.99,1,1,579.6585178,6.355904800438598,190.6771440131579
0,2,795.29,0,0,0,36365.17,2,0,671.8826055,0.0,0.0
1,3,811.09,0,0,1,36398.05,1,0,522.8355157,0.0,0.0
2,6,674.74,1,1,0,36430.8,1,0,486.9715659,10.679201006578948,160.1880150986842
3,9,681.31,2,1,1,36553.92,1,0,363.393724,3.9845803070175445,119.53740921052632
1,4,688.98,0,0,1,36571.26,2,1,829.9556872,0.0,0.0
2,2,736.14,1,2,1,36618.88,0,0,516.7114435,11.331391304824562,84.9854347861842
3,2,662.29,2,3,0,36722.54,2,0,428.0121685,4.693115882675439,46.93115882675438
1,5,888.32,0,0,1,36802.71,1,1,603.1229602,0.0,0.0
2,4,1021.58,1,1,1,36811.24,2,0,425.0775644,9.321876412280703,139.82814618421054
3,5,621.65,2,1,0,36867.11,1,1,688.1521363,7.545527810307019,226.36583430921053
3,7,898.5,2,1,0,36884.89,2,1,976.8192519,10.710737411184212,321.32212233552633
2,6,874.2,1,1,0,36903.03,1,0,396.8999552,8.703946385964914,130.55919578947368
2,5,670.01,1,1,1,36959.48,1,0,539.030565,11.820845723684213,177.31268585526317
1,3,878.66,0,0,0,36984.67,0,0,273.1460201,0.0,0.0
1,5,790.71,0,0,1,37050.82,0,0,363.3388403,0.0,0.0
2,4,1015.02,1,1,0,37069.58,0,1,554.2658183,12.154952155701755,182.3242823355263
2,8,711.53,1,0,0,37215.47,1,0,307.582511,6.745230504385966,0.0
2,4,996.35,1,1,1,37360.13,1,0,571.2180811,12.526712304824562,187.9006845723684
2,4,1128.0,1,1,1,37439.39,1,1,644.1445341,14.125976625000002,211.889649375
2,3,698.35,1,1,0,37442.86,2,0,302.4912074,6.633579109649124,99.50368664473685
1,4,893.34,0,0,1,37558.92,1,0,434.3125097,0.0,0.0
3,5,801.2,2,1,1,37571.74,0,0,345.5484398,3.7889083311403513,113.66724993421052
2,4,721.09,1,1,0,37586.7,1,0,478.1037958,10.48473236403509,157.2709854605263
1,4,664.27,0,0,0,37591.87,2,1,760.3848419,0.0,0.0
2,4,984.69,1,1,0,37668.45,0,1,392.8620063,8.615394875000002,129.230923125
1,6,701.3,0,0,0,37684.67,0,0,250.9313184,0.0,0.0
3,5,579.46,2,1,0,37876.75,0,1,682.7549371,7.486347994517545,224.59043983552633
1,4,739.46,0,0,0,37974.81,3,0,785.6461325,0.0,0.0
1,4,1035.94,0,0,0,38030.46,1,1,821.6955521,0.0,0.0
1,3,634.29,0,0,0,38155.18,0,1,612.9389668,0.0,0.0
2,3,903.62,1,1,1,38243.86,0,1,793.3423112,17.39785770175439,260.9678655263158
4,5,870.48,3,1,1,38274.33,0,0,401.553697,2.935334042397661,132.09003190789474
1,3,824.05,0,0,0,38321.36,3,1,784.1259379,0.0,0.0
1,5,1031.06,0,0,0,38350.58,3,1,1066.594425,0.0,0.0
2,4,838.84,1,1,1,38464.04,3,1,1022.602211,22.425487083333337,336.38230625
1,2,1091.52,0,1,0,38467.38,2,1,599.9171244,0.0,197.34115934210527
3,5,811.93,2,1,1,38603.17,0,0,294.0904538,3.224676028508772,96.74028085526315
3,5,1087.35,2,1,0,38651.2,1,1,662.5452582,7.264750638157896,217.94251914473685
2,6,520.46,1,1,0,38685.23,3,1,878.2533167,19.259941155701757,288.89911733552634
4,7,877.12,3,1,0,38695.89,1,0,342.700941,2.5051238377192986,112.73057269736842
1,2,817.61,0,1,0,38734.51,1,1,622.0495954,0.0,204.62157743421054
1,6,678.34,0,0,1,39175.03,0,1,615.4819559,0.0,0.0
3,10,810.5,2,1,1,39304.91,1,1,815.3694045,8.940453996710527,268.2136199013158
2,0,1042.81,1,2,1,39314.16,0,0,238.9001909,5.239039274122808,39.292794555921056
1,4,883.64,0,0,1,39365.49,1,1,771.8986153,0.0,0.0
2,7,860.15,1,0,0,39465.64,2,0,509.0291588,11.162920149122808,0.0
3,5,692.49,2,1,1,39477.18,1,0,690.1026345,7.566914851973685,227.00744555921054
1,4,953.19,0,0,1,39489.23,1,1,815.613587,0.0,0.0
2,5,847.97,1,1,0,39502.92,0,0,354.4726932,7.773523973684211,116.60285960526315
2,4,811.69,1,1,1,39518.02,2,0,499.1541336,10.94636257894737,164.19543868421053
2,3,952.8,1,1,1,39609.7,2,1,856.2314301,18.777005046052633,281.6550756907895
2,1,901.34,1,3,0,39718.99,1,0,303.2398657,6.649997054824562,33.2499852741228
2,6,816.3,1,1,1,39795.94,1,0,528.4521069,11.588861993421053,173.8329299013158
2,5,244.4,1,1,1,39823.7,2,1,858.6716877,18.830519467105265,282.4577920065789
2,5,690.67,1,1,1,39842.83,1,1,871.4528249,19.110807563596495,286.66211345394737
4,8,607.15,3,1,1,40047.03,1,1,884.6862449,6.467004714181288,291.0152121381579
3,0,1175.71,2,1,1,40163.85,0,1,850.6174256,9.326945456140352,279.8083636842105
2,1,661.54,1,3,1,40260.49,0,1,747.1459665,16.384779967105263,81.9238998355263
3,6,551.32,2,1,0,40545.49,1,0,371.2366143,4.070576911184211,122.1173073355263
2,6,657.46,1,1,0,40556.07,3,1,725.7340411,15.915220199561405,238.72830299342107
3,10,885.17,2,1,0,40972.21,1,0,505.9184372,5.5473512850877205,166.4205385526316
2,6,780.34,1,1,1,41016.55,1,0,411.9113289,9.03314317763158,135.4971476644737
2,7,889.54,1,0,0,41049.77,0,0,416.7785561,9.139880616228071,0.0
3,7,786.75,2,1,1,41083.05,1,1,706.6813583,7.748699104166668,232.460973125
1,4,840.52,0,0,0,41247.78,2,1,642.7807314,0.0,0.0
3,7,549.72,2,1,1,41533.34,1,0,556.8264404,6.105553074561405,183.16659223684212
3,4,1025.59,2,1,1,41559.87,0,0,272.5741732,2.9887518991228075,89.66255697368422
3,4,640.71,2,1,0,41718.43,1,0,572.901644,6.281816271929825,188.45448815789476
2,5,988.29,1,1,1,41764.78,2,1,1053.388332,23.100621315789475,346.5093197368421
1,7,859.83,0,0,1,42003.43,1,1,763.9111317,0.0,0.0
5,6,862.18,4,2,1,42080.48,0,1,873.3151082,4.7879117774122815,143.63735332236843
1,7,665.07,0,0,0,42115.1,1,1,576.2863923,0.0,0.0
3,5,852.77,2,1,0,42164.38,1,0,428.5338743,4.698836341008772,140.96509023026314
2,3,703.79,1,1,0,42236.78,0,1,437.3865138,9.591809513157896,143.8771426973684
2,4,890.88,1,1,0,42381.17,1,0,490.8506047,10.764267646929826,161.46401470394738
3,4,679.48,2,1,0,42422.59,2,1,775.7525413,8.506058566885965,255.18175700657892
1,5,853.32,0,0,1,42468.81,2,1,969.2387888,0.0,0.0
1,7,889.51,0,0,1,42581.85,2,1,771.331685,0.0,0.0
3,5,808.27,2,1,1,42973.79,3,1,872.3510953,9.565253237938597,286.9575971381579
1,4,602.24,0,0,0,43077.89,1,1,721.6156407,0.0,0.0
2,3,527.7,1,1,0,43204.74,1,1,575.0037374,12.609731083333335,189.14596625
3,4,660.55,2,1,1,43636.94,0,1,616.4123284,6.758907109649123,202.7672132894737
1,9,835.59,0,0,0,44083.19,0,1,580.1261035,0.0,0.0
1,5,929.73,0,0,1,44518.73,0,0,502.6093068,0.0,0.0
3,5,894.94,2,1,1,44634.72,0,1,636.1297173,6.975106549342106,209.25319648026317
3,5,686.58,2,1,0,44804.64,0,0,211.2372842,2.316198291666667,69.48594875
2,5,963.07,1,1,0,44918.46,2,0,494.0189081,10.833747984649124,162.50621976973684
3,5,699.01,2,1,1,44997.0,3,0,458.8428794,5.031171923245615,150.93515769736842
1,6,789.43,0,0,1,45243.6,0,1,693.8246471,0.0,0.0
4,6,534.35,3,1,1,45379.66,0,1,633.9372718,4.634044384502924,208.53199730263157
3,3,905.05,2,2,1,45935.96,1,1,786.9905334,8.629282164473686,129.43923246710526
2,7,509.38,1,0,0,46025.99,0,1,654.935881,14.362628969298248,0.0
0,6,686.45,0,0,0,46078.72,1,0,645.2169791,0.0,0.0
2,6,792.67,1,1,0,46841.59,1,1,637.1154677,13.971830432017544,209.57745648026315
1,2,704.75,0,1,1,46993.0,0,0,390.598628,0.0,128.4863907894737
1,4,691.12,0,0,0,47090.5,0,1,698.066295,0.0,0.0
1,4,802.95,0,0,0,47110.28,1,0,410.3066595,0.0,0.0
2,7,811.63,1,0,1,47453.09,2,1,700.2187487,15.355674313596493,0.0
1,6,1066.39,0,0,1,47483.47,1,1,748.8090585,0.0,0.0
0,5,968.65,0,0,1,47904.37,3,1,1094.762145,0.0,0.0
2,4,749.95,1,1,0,48985.24,2,0,474.3424201,10.402246054824563,156.03369082236844
2,7,944.15,1,0,0,49063.95,1,1,610.7776416,13.394246526315792,0.0
3,3,720.13,2,2,1,49294.85,2,0,707.5992954,7.7587642039473685,116.38146305921052
1,4,722.55,0,0,1,49903.47,0,0,506.9184632,0.0,0.0
1,8,666.17,0,0,1,50110.52,2,1,742.3798151,0.0,0.0
1,4,663.42,0,0,1,51774.67,2,1,894.5040945,0.0,0.0
3,11,555.62,2,0,1,52765.1,0,1,481.3082327,5.277502551535089,0.0
1,4,905.65,0,0,0,56355.95,2,0,576.9982862,0.0,0.0
0,4,904.53,0,0,1,56531.08,0,0,583.2398175,0.0,0.0
